City_ID,City,Country,Lat,Lng,Max Temp,Humidity,Cloudiness,Wind Speed,Current Description
0,Hilo,US,19.7297,-155.09,80.33,73,20,10.36,few clouds
1,Sao Joao Da Barra,BR,-21.6403,-41.0511,68.07,73,99,6.87,overcast clouds
2,Hobart,AU,-42.8794,147.3294,72.01,54,40,1.01,scattered clouds
3,Tiksi,RU,71.6872,128.8694,-16.29,99,98,0.94,overcast clouds
4,Dunedin,NZ,-45.8742,170.5036,52.54,82,100,4.74,overcast clouds
5,Avarua,CK,-21.2078,-159.775,82.45,69,75,3.44,light rain
6,Lebu,CL,-37.6167,-73.65,54.41,92,73,18.63,broken clouds
7,Punta Arenas,CL,-53.15,-70.9167,39.31,75,75,25.32,broken clouds
8,Bredasdorp,ZA,-34.5322,20.0403,63.28,88,100,15.03,light rain
9,Mar Del Plata,AR,-38.0023,-57.5575,62.87,80,0,5.37,clear sky
10,Nouadhibou,MR,20.931,-17.0347,70.59,72,100,11.01,overcast clouds
11,Omboue,GA,-1.5746,9.2618,78.01,91,100,3.87,overcast clouds
12,Itarema,BR,-2.9248,-39.9167,79.3,79,22,12.41,few clouds
13,Victoria,HK,22.2855,114.1577,69.33,84,100,1.99,overcast clouds
14,Mayo,US,38.8876,-76.5119,53.94,82,90,1.99,overcast clouds
15,Carnarvon,AU,-24.8667,113.6333,75.27,43,0,19.57,clear sky
16,Hithadhoo,MV,-0.6,73.0833,80.67,79,85,10.29,overcast clouds
17,Qaanaaq,GL,77.484,-69.3632,-9.53,73,23,5.93,few clouds
18,Maningrida,AU,-12.0667,134.2667,92.55,47,54,9.6,broken clouds
19,Mujiayingzi,CN,42.1167,118.7833,18.34,45,2,19.95,clear sky
20,Jamestown,US,42.097,-79.2353,42.39,98,90,7.0,overcast clouds
21,Balabac,PH,7.9868,117.0645,84.94,73,23,7.05,few clouds
22,Chuy,UY,-33.6971,-53.4616,67.37,81,0,8.55,clear sky
23,Bongaree,AU,-27.0797,153.1586,78.3,78,52,11.25,light rain
24,Adrar,MR,20.5022,-10.0711,76.59,29,100,10.02,overcast clouds
25,Bethel,US,41.3712,-73.414,52.16,87,90,3.0,overcast clouds
26,Lagoa,PT,39.05,-27.9833,63.7,86,96,25.03,overcast clouds
27,Busselton,AU,-33.65,115.3333,66.04,47,16,15.39,few clouds
28,Kodiak,US,57.79,-152.4072,27.91,37,1,6.91,clear sky
29,Torbay,CA,47.6666,-52.7314,30.27,84,99,4.27,overcast clouds
30,Ucluelet,CA,48.9329,-125.5528,45.09,88,100,7.36,overcast clouds
31,Batemans Bay,AU,-35.7167,150.1833,66.99,56,42,8.25,scattered clouds
32,Osa,RU,57.2829,55.4567,23.27,91,99,10.83,overcast clouds
33,Seydi,TM,39.4816,62.9137,44.53,40,7,7.63,clear sky
34,Puerto Ayora,EC,-0.7393,-90.3518,69.55,82,69,5.99,broken clouds
35,New Norfolk,AU,-42.7826,147.0587,71.65,37,36,1.99,scattered clouds
36,Bogo,PH,11.0517,124.0055,85.91,69,99,5.86,overcast clouds
37,Rikitea,PF,-23.1203,-134.9692,74.5,61,3,4.38,clear sky
38,Hermanus,ZA,-34.4187,19.2345,66.9,89,100,16.55,light rain
39,Butaritari,KI,3.0707,172.7902,81.3,78,22,8.79,few clouds
40,Honiara,SB,-9.4333,159.95,87.91,57,11,4.41,few clouds
41,Fairbanks,US,64.8378,-147.7164,-11.4,74,1,0.0,clear sky
42,Sitka,US,57.0531,-135.33,42.69,87,90,10.36,light intensity drizzle
43,Bengkulu,ID,-3.8004,102.2655,82.99,69,92,2.68,overcast clouds
44,Havoysund,NO,70.9963,24.6622,23.88,58,100,14.14,light snow
45,Kargat,RU,55.1956,80.2811,24.3,84,100,16.22,overcast clouds
46,Manaus,BR,-3.1019,-60.025,77.49,94,0,2.3,clear sky
47,Andapa,MG,-14.65,49.65,63.05,98,17,1.97,few clouds
48,Elko,US,41.0002,-115.5012,35.22,50,3,5.99,clear sky
49,Khatanga,RU,71.9667,102.5,-34.35,99,6,3.8,clear sky
50,Mehamn,NO,71.0357,27.8492,27.7,58,100,22.17,light snow
51,Castro,BR,-24.7911,-50.0119,56.26,77,7,4.61,clear sky
52,Uglegorsk,RU,49.0833,142.0333,29.97,53,83,5.35,broken clouds
53,Katsuura,JP,35.1333,140.3,62.62,86,100,26.6,light rain
54,Adilabad,IN,19.6667,78.5333,75.31,85,99,2.13,overcast clouds
55,Nanortalik,GL,60.1432,-45.2371,30.31,94,85,10.67,overcast clouds
56,High Level,CA,58.5169,-117.136,10.51,85,90,0.0,light snow
57,Pisco,PE,-13.7,-76.2167,64.45,82,0,12.66,clear sky
58,Kapaa,US,22.0752,-159.319,80.92,69,40,1.01,scattered clouds
59,Sedhiou,SN,12.7081,-15.5569,74.46,49,78,3.6,broken clouds
60,Elk River,US,45.3038,-93.5672,25.09,58,1,1.99,clear sky
61,Cape Town,ZA,-33.9258,18.4232,67.12,79,0,25.32,clear sky
62,Rongcheng,CN,30.634,117.8517,45.75,42,100,10.45,overcast clouds
63,Belmonte,BR,-15.8631,-38.8828,72.1,91,97,10.58,overcast clouds
64,Newport,GB,51.5877,-2.9984,39.85,85,10,13.51,clear sky
65,Dikson,RU,73.5069,80.5464,-12.12,75,10,13.22,clear sky
66,Ushuaia,AR,-54.8,-68.3,37.06,75,90,18.41,light rain
67,Port Augusta,AU,-32.5,137.7667,80.71,23,99,4.09,overcast clouds
68,Te Anau,NZ,-45.4167,167.7167,55.2,83,96,2.51,overcast clouds
69,Hamilton,US,39.1834,-84.5333,46.24,95,75,1.99,mist
70,Quilmana,PE,-12.95,-76.3833,65.66,85,92,2.89,overcast clouds
71,Thompson,CA,55.7435,-97.8558,3.31,85,19,8.01,few clouds
72,Tsumeb,NA,-19.2333,17.7167,70.27,20,31,2.73,scattered clouds
73,Sao Francisco,BR,-15.9486,-44.8644,70.5,88,100,3.89,light rain
74,Ribeira Grande,PT,38.5167,-28.7,65.26,84,99,26.75,overcast clouds
75,Sept-Iles,CA,50.2001,-66.3821,36.27,75,100,6.42,overcast clouds
76,Bambous Virieux,MU,-20.3428,57.7575,71.22,71,10,7.0,clear sky
77,Atuona,PF,-9.8,-139.0333,78.26,72,100,10.22,overcast clouds
78,Kutum,SD,14.2,24.6667,59.09,35,38,5.91,scattered clouds
79,Samarai,PG,-10.6167,150.6667,84.7,73,66,15.32,broken clouds
80,Albany,US,42.6001,-73.9662,48.09,70,100,7.36,overcast clouds
81,Sao Jose Da Coroa Grande,BR,-8.8978,-35.1478,78.17,79,23,8.84,few clouds
82,Bonthe,SL,7.5264,-12.505,78.85,84,6,6.46,clear sky
83,Jhol,PK,25.9551,68.8882,55.47,18,5,7.74,clear sky
84,Gobabis,NA,-22.45,18.9667,64.98,22,22,11.45,few clouds
85,Nikolskoye,RU,59.7035,30.7861,27.39,68,57,10.25,broken clouds
86,Port Alfred,ZA,-33.5906,26.891,68.81,82,100,11.77,overcast clouds
87,Sur,OM,22.5667,59.5289,75.99,45,61,14.25,broken clouds
88,Soe,ID,-9.8607,124.284,83.55,52,92,4.18,overcast clouds
89,Solikamsk,RU,59.6196,56.7729,23.81,96,100,8.23,light snow
90,Tasiilaq,GL,65.6145,-37.6368,32.16,96,100,9.04,light snow
91,Moncton,CA,46.1159,-64.8019,35.06,100,98,4.52,light rain
92,Mahebourg,MU,-20.4081,57.7,71.26,72,10,7.34,clear sky
93,Esperance,AU,-33.8667,121.9,71.35,55,49,11.52,scattered clouds
94,Nova Venecia,BR,-18.7106,-40.4006,65.14,95,100,5.61,overcast clouds
95,Barrow,US,71.2906,-156.7887,-5.78,77,20,9.22,haze
96,Norman Wells,CA,65.282,-126.8329,-21.96,76,90,3.44,mist
97,Kruisfontein,ZA,-34.0033,24.7314,64.89,97,100,3.6,light rain
98,Mataura,NZ,-46.1927,168.8643,53.96,81,100,1.97,overcast clouds
99,Winona,US,43.9666,-91.7668,27.21,54,1,14.97,clear sky
100,Souillac,MU,-20.5167,57.5167,71.37,76,1,6.93,clear sky
101,Namie,JP,37.4833,141.0,63.72,95,100,21.61,moderate rain
102,Tuktoyaktuk,CA,69.4541,-133.0374,-8.12,97,35,5.97,scattered clouds
103,Maragogi,BR,-9.0122,-35.2225,77.94,78,13,8.61,few clouds
104,Kenai,US,60.5544,-151.2583,3.25,88,1,4.61,clear sky
105,Krasnogvardeyskiy,RU,57.3793,62.3195,27.54,83,100,11.43,overcast clouds
106,Aksu,CN,41.1231,80.2644,25.48,53,79,1.39,broken clouds
107,Sao Filipe,CV,14.8961,-24.4956,81.99,65,100,8.48,overcast clouds
108,Muisne,EC,0.6,-80.0333,74.16,82,100,8.99,overcast clouds
109,Amantea,IT,39.1332,16.0746,54.45,65,99,3.83,overcast clouds
110,Soyo,AO,-6.1349,12.3689,77.99,85,99,5.91,overcast clouds
111,Longyearbyen,SJ,78.2186,15.6401,1.24,78,20,14.97,few clouds
112,Swan Hill,AU,-35.3378,143.5544,78.35,31,29,9.13,scattered clouds
113,Oranjemund,NA,-28.55,16.4333,62.46,83,100,7.31,light rain
114,Severo-Kurilsk,RU,50.6789,156.125,38.35,87,37,11.12,scattered clouds
115,Shimoda,JP,34.6667,138.95,61.16,84,97,14.12,overcast clouds
116,Yumen,CN,40.2833,97.2,26.26,41,0,9.17,clear sky
117,Cururupu,BR,-1.8283,-44.8683,76.55,88,67,3.18,broken clouds
118,Alwar,IN,27.5667,76.6,63.72,25,0,3.94,clear sky
119,Yellowknife,CA,62.456,-114.3525,5.41,90,100,5.01,overcast clouds
120,Bluff,NZ,-46.6,168.3333,51.93,73,100,8.95,overcast clouds
121,Geraldton,AU,-28.7667,114.6,71.13,56,75,14.97,broken clouds
122,Upernavik,GL,72.7868,-56.1549,4.05,88,41,7.23,scattered clouds
123,Sola,VU,-13.8833,167.55,82.26,71,9,7.31,clear sky
124,Riyadh,SA,24.6877,46.7219,68.14,32,89,13.6,overcast clouds
125,Baykit,RU,61.67,96.37,3.51,98,100,2.86,overcast clouds
126,Kajaani,FI,64.2273,27.7285,15.85,86,0,8.05,clear sky
127,Pangoa,PE,-12.1167,-73.0,72.77,78,94,1.92,overcast clouds
128,Staryy Merchyk,UA,49.9815,35.759,46.0,81,96,13.8,overcast clouds
129,Hofn,IS,64.2539,-15.2082,42.64,64,63,12.37,broken clouds
130,Wamba,NG,8.9333,8.6,73.85,35,81,4.25,broken clouds
131,Guiratinga,BR,-16.3494,-53.7583,73.83,88,100,1.41,overcast clouds
132,Nuuk,GL,64.1835,-51.7216,27.21,86,75,4.61,broken clouds
133,Denpasar,ID,-8.65,115.2167,85.71,79,20,9.22,few clouds
134,Male,MV,4.1748,73.5089,81.41,76,19,14.29,few clouds
135,Pokrovsk,UA,48.282,37.1758,40.91,93,85,13.67,overcast clouds
136,Ishigaki,JP,24.3448,124.1572,73.53,94,75,16.11,broken clouds
137,Saskylakh,RU,71.9167,114.0833,-24.95,97,39,7.78,scattered clouds
138,Sistranda,NO,63.7256,8.834,39.9,67,100,22.32,light rain
139,Arraial Do Cabo,BR,-22.9661,-42.0278,68.68,64,49,4.83,scattered clouds
140,Gat,IL,31.61,34.7642,57.81,63,7,8.61,clear sky
141,Kavieng,PG,-2.5744,150.7967,86.07,68,99,9.6,overcast clouds
142,Port Elizabeth,ZA,-33.918,25.5701,67.1,94,90,3.44,overcast clouds
143,Kaitangata,NZ,-46.2817,169.8464,51.04,84,100,4.45,overcast clouds
144,Rincon,US,32.296,-81.2354,62.13,97,20,0.0,few clouds
145,Chokurdakh,RU,70.6333,147.9167,-15.92,99,100,2.8,overcast clouds
146,Dali,CN,25.7,100.1833,56.3,73,56,3.62,broken clouds
147,Ahipara,NZ,-35.1667,173.1667,68.09,82,100,3.27,overcast clouds
148,Presidente Epitacio,BR,-21.7633,-52.1156,72.25,52,3,4.85,clear sky
149,Iqaluit,CA,63.7506,-68.5145,11.7,92,100,4.0,overcast clouds
150,Saint-Philippe,RE,-21.3585,55.7679,74.75,67,4,2.13,clear sky
151,Vaini,TO,-21.2,-175.2,80.76,94,75,5.75,broken clouds
152,Businga,CD,3.3333,20.8833,70.39,99,99,2.17,overcast clouds
153,Leningradskiy,RU,69.3833,178.4167,-14.76,99,44,3.65,scattered clouds
154,Winnemucca,US,40.973,-117.7357,39.25,52,1,8.05,clear sky
155,San Patricio,US,28.017,-97.5169,77.09,80,95,3.74,overcast clouds
156,Marawi,PH,7.9986,124.2928,75.65,67,85,3.47,overcast clouds
157,Soure,BR,-0.7167,-48.5233,80.82,82,87,10.94,overcast clouds
158,Acari,PE,-15.4311,-74.6158,69.24,77,74,2.55,broken clouds
159,Ilulissat,GL,69.2167,-51.1,24.82,74,90,11.5,light snow
160,Iberia,US,29.9502,-91.7507,67.05,100,1,3.44,clear sky
161,Matay,EG,28.419,30.7792,59.92,58,6,5.3,clear sky
162,Knysna,ZA,-34.0363,23.0471,66.58,95,97,4.36,light rain
163,Rovenki,UA,48.0833,39.3776,40.55,87,89,14.72,overcast clouds
164,Cherskiy,RU,68.75,161.3,-30.69,99,18,4.85,few clouds
165,Rawson,AR,-43.3002,-65.1023,67.24,44,94,25.1,overcast clouds
166,Svit,SK,49.0601,20.2069,39.11,89,90,2.3,overcast clouds
167,Ilo,PE,-17.6394,-71.3375,65.35,83,100,4.07,overcast clouds
168,Quatre Cocos,MU,-20.2078,57.7625,71.1,71,6,6.69,clear sky
169,Sheridan,US,44.8333,-106.9173,42.93,51,1,0.0,clear sky
170,Ancud,CL,-41.8697,-73.8203,55.42,94,80,7.63,broken clouds
171,Barcelos,PT,41.5388,-8.6151,48.92,85,0,5.44,clear sky
172,Tamala,RU,52.541,43.2515,37.47,97,100,18.86,light rain
173,Gao,ML,16.6362,1.637,73.42,22,4,11.79,clear sky
174,Aranos,NA,-24.1333,19.1167,58.35,41,0,8.41,clear sky
175,Pacific Grove,US,36.6177,-121.9166,65.43,58,1,1.01,clear sky
176,Hede,CN,33.7681,120.2517,41.79,38,100,17.9,overcast clouds
177,Cabedelo,BR,-6.9811,-34.8339,79.47,75,11,13.18,few clouds
178,Corinto,GR,37.9407,22.9573,60.46,85,0,2.44,clear sky
179,Sisimiut,GL,66.9395,-53.6735,19.69,84,95,10.87,overcast clouds
180,Saiki,JP,32.95,131.9,60.87,91,100,10.09,light rain
181,Ponta Delgada,PT,37.7333,-25.6667,63.5,88,40,9.22,scattered clouds
182,Cumana,VE,10.4635,-64.1775,77.81,84,97,7.43,overcast clouds
183,Clyde River,CA,70.4692,-68.5914,5.23,85,94,3.44,overcast clouds
184,Nuristan,AF,35.3,70.8333,18.37,29,0,13.49,clear sky
185,Codrington,AU,-38.2667,141.9667,67.03,53,92,9.6,overcast clouds
186,Shieli,KZ,44.1667,66.75,39.54,73,100,9.06,overcast clouds
187,Mount Gambier,AU,-37.8333,140.7667,68.13,44,100,7.27,overcast clouds
188,Ulladulla,AU,-35.35,150.4667,66.78,56,37,9.13,scattered clouds
189,Laizhou,CN,37.1717,119.9214,38.8,45,100,22.75,overcast clouds
190,Atbasar,KZ,51.8,68.3333,29.43,95,100,23.58,light snow
191,Orapa,BW,-21.2833,25.3667,68.27,81,17,9.75,few clouds
192,Narsaq,GL,60.9167,-46.05,34.02,97,98,4.36,overcast clouds
193,Bam,IR,29.106,58.357,57.56,33,0,1.45,clear sky
194,Bagdarin,RU,54.4333,113.6,-2.83,81,20,2.66,few clouds
195,Lumding,IN,25.7535,93.1732,66.79,69,0,1.5,clear sky
196,Beloha,MG,-25.1667,45.05,65.01,74,2,9.8,clear sky
197,Nome,US,64.5011,-165.4064,6.87,66,1,12.66,clear sky
198,Tongren,CN,27.7172,109.1853,49.91,64,92,7.11,overcast clouds
199,Itoman,JP,26.1247,127.6694,80.62,83,40,9.22,scattered clouds
200,Nakhon Thai,TH,17.1006,100.8374,82.65,70,15,2.08,few clouds
201,Tokur,RU,53.1333,132.9,2.62,80,100,5.5,overcast clouds
202,Qaqortoq,GL,60.7167,-46.0333,34.3,100,97,4.03,overcast clouds
203,Kota Kinabalu,MY,5.9749,116.0724,85.98,74,20,3.44,few clouds
204,Helena,US,46.5927,-112.0361,49.32,43,1,1.01,clear sky
205,Bom Jardim,BR,-7.7958,-35.5872,72.72,87,78,4.79,broken clouds
206,Neijiang,CN,29.5835,105.0622,50.32,65,100,8.77,overcast clouds
207,Eyl,SO,7.9803,49.8164,73.53,78,27,9.66,scattered clouds
208,Albemarle,US,35.3501,-80.2001,56.7,82,100,4.36,overcast clouds
209,Isangel,VU,-19.55,169.2667,82.22,71,100,8.41,overcast clouds
210,Ust-Kuyga,RU,70.0167,135.6,-7.33,99,100,1.34,overcast clouds
211,Obo,CF,5.3998,26.4869,70.07,51,100,3.67,overcast clouds
212,Mackay,AU,-21.15,149.2,90.68,63,24,14.72,few clouds
213,Matara,LK,5.9485,80.5353,78.12,78,66,8.5,broken clouds
214,Caravelas,BR,-17.7125,-39.2481,71.62,87,100,9.93,overcast clouds
215,Port Macquarie,AU,-31.4333,152.9167,67.89,94,90,13.8,moderate rain
216,Georgetown,MY,5.4112,100.3354,84.13,85,20,1.99,few clouds
217,Dukat,RU,62.55,155.55,-18.18,100,100,3.53,overcast clouds
218,Hobyo,SO,5.3505,48.5268,78.67,69,99,13.0,overcast clouds
219,Klaksvik,FO,62.2266,-6.589,45.52,79,99,32.97,overcast clouds
220,Malmesbury,ZA,-33.4608,18.7271,65.79,85,0,6.96,clear sky
221,Mosjoen,NO,65.836,13.1908,33.8,97,100,7.9,light snow
222,Mangotsfield,GB,51.4878,-2.504,39.24,89,11,1.99,few clouds
223,Bay Roberts,CA,47.5999,-53.2648,31.03,59,95,4.23,overcast clouds
224,Fare,PF,-16.7,-151.0167,79.9,68,0,5.46,clear sky
225,Masuda,JP,34.6667,131.85,60.53,94,75,13.8,light intensity shower rain
226,Griffith,US,41.5284,-87.4237,40.1,38,1,5.99,clear sky
227,Skibbereen,IE,51.55,-9.2667,39.0,81,7,9.93,clear sky
228,Amiens,FR,49.9,2.3,43.27,85,6,11.23,clear sky
229,Saint Anthony,US,45.0205,-93.218,25.56,56,1,3.0,clear sky
230,Dubai,AE,25.2582,55.3047,77.22,53,0,3.44,clear sky
231,Pleasanton,US,37.6624,-121.8747,63.48,72,1,9.22,clear sky
232,Roma,US,43.2128,-75.4557,46.26,84,90,8.05,light rain
233,Lunglei,IN,22.8833,92.7333,65.57,56,5,2.01,clear sky
234,Hualmay,PE,-11.0964,-77.6139,65.17,84,96,7.63,overcast clouds
235,Wolkersdorf,AT,48.3833,16.5167,43.81,78,96,5.1,overcast clouds
236,Half Moon Bay,US,37.4636,-122.4286,64.83,67,1,0.0,clear sky
237,Provideniya,RU,64.3833,-173.3,5.11,61,0,6.71,clear sky
238,Scottsbluff,US,41.8666,-103.6672,39.78,62,1,3.44,clear sky
239,Miri,MY,4.4148,114.0089,86.14,74,20,3.44,few clouds
240,Carlsbad,US,33.1581,-117.3506,77.13,23,1,1.01,clear sky
241,Gorin,RU,51.1983,136.6669,8.49,82,100,8.05,overcast clouds
242,Derzhavinsk,KZ,51.1,66.3167,29.07,94,100,28.14,light snow
243,Luanda,AO,-8.8368,13.2343,77.0,83,75,5.75,broken clouds
244,Umm Lajj,SA,25.0213,37.2685,70.0,50,0,9.75,clear sky
245,Icod De Los Vinos,ES,28.3724,-16.7119,72.34,77,100,0.81,overcast clouds
246,Faanui,PF,-16.4833,-151.75,79.95,67,6,5.61,clear sky
247,Airai,TL,-8.9266,125.4092,76.26,53,100,1.72,overcast clouds
248,East London,ZA,-33.0153,27.9116,69.06,82,100,17.11,light rain
249,Abramovka,RU,51.1886,41.0202,43.83,79,100,21.47,overcast clouds
250,Minab,IR,27.1467,57.0801,60.3,45,0,3.98,clear sky
251,Vila Velha,BR,-20.3297,-40.2925,66.15,95,90,2.3,overcast clouds
252,Inuvik,CA,68.3499,-133.7218,-13.94,84,90,3.44,light snow
253,San Quintin,MX,30.4833,-115.95,63.52,76,100,7.36,overcast clouds
254,Oyama,JP,36.3,139.8,58.89,78,100,3.2,moderate rain
255,Hulan,CN,45.9833,126.6,12.31,92,100,15.77,light snow
256,San Sebastian,ES,43.3128,-1.975,53.15,87,75,4.0,light rain
257,Spornoye,RU,50.8448,37.2913,44.62,80,100,18.05,overcast clouds
258,Pevek,RU,69.7008,170.3133,-19.93,99,23,3.76,few clouds
259,Hays,US,30.0502,-98.0336,64.98,66,100,7.0,overcast clouds
260,Angoche,MZ,-16.2325,39.9086,78.08,82,96,3.96,overcast clouds
261,Sarkand,KZ,45.41,79.9186,37.02,48,100,9.4,overcast clouds
262,Kiruna,SE,67.8557,20.2251,7.72,85,75,5.75,broken clouds
263,Awjilah,LY,29.1081,21.2869,61.57,58,3,6.62,clear sky
264,Sao Borja,BR,-28.6606,-56.0044,69.94,48,2,5.75,clear sky
265,Portland,US,45.5234,-122.6762,45.95,88,1,7.0,clear sky
266,Hirara,JP,24.8,125.2833,76.91,77,17,17.49,few clouds
267,Dahegam,IN,23.1667,72.8167,73.17,62,16,8.25,few clouds
268,Mizdah,LY,31.4451,12.9801,56.53,66,96,4.97,overcast clouds
269,Odweyne,SO,9.4092,45.064,66.76,41,90,7.87,overcast clouds
270,Paita,PE,-5.0892,-81.1144,63.9,84,93,9.89,overcast clouds
271,Dong Xoai,VN,11.5333,106.9167,82.27,76,58,3.96,broken clouds
272,Cidreira,BR,-30.1811,-50.2056,68.65,76,0,13.8,clear sky
273,Guerrero Negro,MX,27.9769,-114.0611,65.71,72,100,8.86,overcast clouds
274,Divnogorsk,RU,55.9594,92.3619,12.69,87,100,5.97,overcast clouds
275,Caucaia,BR,-3.7361,-38.6531,81.03,78,40,12.66,scattered clouds
276,Sechura,PE,-5.5569,-80.8222,65.98,75,100,11.97,overcast clouds
277,Olafsvik,IS,64.8945,-23.7142,42.96,81,100,19.77,overcast clouds
278,Kabare,CD,-2.4683,28.8242,58.95,92,70,3.06,broken clouds
279,Luganville,VU,-15.5333,167.1667,83.57,73,98,8.1,overcast clouds
280,Puerto Madryn,AR,-42.7692,-65.0385,66.34,50,100,14.88,overcast clouds
281,Wagar,SD,16.1525,36.2032,73.11,79,5,14.43,clear sky
282,Najran,SA,17.4924,44.1277,63.25,41,76,0.56,broken clouds
283,Vao,NC,-22.6667,167.4833,74.52,77,4,9.28,clear sky
284,Vila Franca Do Campo,PT,37.7167,-25.4333,63.19,87,78,11.95,broken clouds
285,Necochea,AR,-38.5473,-58.7368,58.03,77,8,9.08,clear sky
286,Shuangcheng,CN,45.35,126.2833,11.88,92,100,16.02,light snow
287,Kalabo,ZM,-14.97,22.6814,66.99,91,89,4.12,overcast clouds
288,Port Blair,IN,11.6667,92.75,83.71,78,9,11.99,clear sky
289,Northam,GB,51.0333,-4.2167,41.31,74,6,16.31,clear sky
290,Karpathos,GR,35.507,27.2132,58.96,72,0,2.3,clear sky
291,Ayan,RU,56.45,138.1667,9.34,64,8,6.89,clear sky
292,Kem,RU,64.9555,34.5793,23.02,82,22,16.8,few clouds
293,Turek,PL,52.0155,18.5005,43.97,92,100,4.81,overcast clouds
294,Toora-Khem,RU,52.4675,96.11,1.15,93,100,1.99,overcast clouds
295,Namatanai,PG,-3.6667,152.4333,86.43,66,14,8.79,few clouds
296,North Bend,US,43.4065,-124.2243,48.92,91,1,8.05,clear sky
297,Yar-Sale,RU,66.8333,70.8333,16.3,95,100,14.36,light snow
298,Shenjiamen,CN,29.9576,122.298,50.92,57,100,27.02,overcast clouds
299,Touros,BR,-5.1989,-35.4608,81.5,74,18,12.24,few clouds
300,Padang,ID,-0.9492,100.3543,84.25,68,73,0.69,broken clouds
301,Blackfoot,US,43.1905,-112.345,38.55,57,71,3.67,broken clouds
302,Mayya,RU,61.7333,130.2811,-38.88,96,25,2.13,scattered clouds
303,Superior,US,46.7208,-92.1041,22.89,65,1,13.8,clear sky
304,Tecoanapa,MX,16.5167,-98.75,79.68,75,0,2.62,clear sky
305,Churapcha,RU,62.0025,132.4325,-25.94,97,37,2.24,scattered clouds
306,Mporokoso,ZM,-9.3727,30.125,64.92,78,100,1.7,overcast clouds
307,Mansa,IN,29.9833,75.3833,58.17,26,0,5.06,clear sky
308,George Town,MY,5.4112,100.3354,84.15,81,20,2.3,few clouds
309,Miramar,US,25.9873,-80.2323,78.03,91,20,0.0,few clouds
310,Baishishan,CN,43.5833,127.5667,18.27,86,100,13.73,light snow
311,Suditi,RO,44.5833,27.6,45.05,84,0,7.81,clear sky
312,Le Locle,CH,47.0595,6.7523,38.66,100,20,5.75,fog
313,Danielskuil,ZA,-28.1887,23.5395,59.56,87,1,16.4,clear sky
314,Uravakonda,IN,14.95,77.2667,72.21,91,52,3.98,broken clouds
315,Taltal,CL,-25.4,-70.4833,62.19,77,100,1.52,overcast clouds
316,Komsomolskiy,UZ,40.4272,71.7189,35.02,55,5,6.91,clear sky
317,Puerto Leguizamo,CO,-0.1934,-74.7819,71.65,98,50,1.77,scattered clouds
318,Buala,SB,-8.145,159.5921,87.22,64,14,5.95,few clouds
319,Namibe,AO,-15.1961,12.1522,66.94,82,92,5.35,overcast clouds
320,Suchitlan,MX,19.3667,-103.7167,72.39,78,1,0.0,clear sky
321,Agutaya,PH,11.148,120.9417,83.68,77,10,13.0,clear sky
322,Temba,ZA,-25.3803,28.2631,66.11,89,100,7.11,overcast clouds
323,Santa Maria,BR,-29.6842,-53.8069,61.9,88,0,1.14,clear sky
324,Verkhnyaya Toyma,RU,62.2349,44.9985,20.07,98,99,1.36,overcast clouds
325,Meulaboh,ID,4.1363,96.1285,79.39,81,96,3.56,overcast clouds
326,Alice Springs,AU,-23.7,133.8833,83.75,24,100,13.8,overcast clouds
327,Chalmette,US,29.9427,-89.9634,70.0,85,1,1.01,clear sky
328,Jabinyanah,TN,35.035,10.9081,60.44,73,94,13.94,overcast clouds
329,El Sauce,NI,12.8869,-86.539,76.33,73,20,5.35,few clouds
330,Xining,CN,36.6167,101.7667,25.61,43,2,2.68,clear sky
331,Stranda,NO,62.3096,6.9358,40.59,94,100,8.3,light rain
332,Saint-Ambroise,CA,48.5501,-71.3324,36.09,87,100,9.28,overcast clouds
333,Kahului,US,20.8947,-156.47,84.22,66,20,18.41,few clouds
334,Requena,ES,39.4883,-1.1004,48.7,81,50,4.29,scattered clouds
335,Chicama,PE,-7.8447,-79.1469,61.34,83,81,4.59,broken clouds
336,Laibin,CN,23.7,109.2667,52.29,77,100,17.94,overcast clouds
337,Alassio,IT,44.0039,8.1671,56.05,87,90,8.05,moderate rain
338,Dongsheng,CN,39.8161,109.9776,16.29,18,0,11.07,clear sky
339,Reyes,BO,-14.3167,-67.3833,76.82,73,77,1.48,broken clouds
340,Aktash,RU,50.3,87.7333,6.35,66,100,6.58,overcast clouds
341,Hasaki,JP,35.7333,140.8333,59.4,84,100,29.97,light rain
342,Boa Vista,BR,2.8197,-60.6733,76.98,83,75,3.44,broken clouds
343,Taloqan,AF,36.7361,69.5345,46.0,29,49,3.47,scattered clouds
344,Saldanha,ZA,-33.0117,17.9442,59.05,89,0,13.15,clear sky
345,Kashary,RU,49.04,41.0056,44.33,80,95,18.79,overcast clouds
346,Carpentras,FR,44.0833,5.1667,43.03,89,87,3.47,overcast clouds
347,Fortuna,US,40.5982,-124.1573,49.98,60,33,2.1,scattered clouds
348,Taoudenni,ML,22.6783,-3.9836,76.96,29,76,5.79,broken clouds
349,Cayenne,GF,4.9333,-52.3333,78.1,89,75,3.0,broken clouds
350,Takoradi,GH,4.8845,-1.7554,79.39,87,10,6.49,clear sky
351,Todos Santos,MX,23.45,-110.2167,75.79,76,64,3.47,broken clouds
352,Grindavik,IS,63.8424,-22.4338,41.47,87,75,18.41,broken clouds
353,Lokoja,NG,7.8024,6.743,77.36,67,58,2.8,broken clouds
354,Balkanabat,TM,39.5108,54.3671,50.43,59,0,8.21,clear sky
355,Dudinka,RU,69.4058,86.1778,-9.76,79,68,11.1,broken clouds
356,Koungou,YT,-12.7336,45.2042,78.51,78,75,4.61,broken clouds
357,San Luis,AR,-33.295,-66.3356,76.28,36,84,4.81,broken clouds
358,Kaseda,JP,31.4167,130.3167,61.84,89,100,24.72,light rain
359,Broome,US,42.2506,-75.833,43.47,75,90,1.99,overcast clouds
360,Turukhansk,RU,65.8167,87.9833,-0.45,91,100,18.75,overcast clouds
361,Yumbe,UG,3.4651,31.2469,66.07,73,80,1.28,broken clouds
362,La Ronge,CA,55.1001,-105.2842,12.45,79,90,8.05,light shower snow
363,Rio Formoso,BR,-8.6636,-35.1586,82.36,84,55,5.21,broken clouds
364,Berezovka,BY,53.7214,25.4993,36.05,91,100,4.92,overcast clouds
365,Zabol,AF,32.25,67.25,35.33,46,0,2.82,clear sky
366,Broken Hill,AU,-31.95,141.4333,75.36,41,80,15.32,broken clouds
367,Aklavik,CA,68.2191,-135.0107,-13.97,98,100,8.25,overcast clouds
368,Matagami,CA,49.7502,-77.6328,32.11,100,90,17.27,light snow
369,Ternate,ID,0.8,127.4,84.72,72,100,4.94,overcast clouds
370,Cookeville,US,36.1628,-85.5016,53.82,98,90,1.01,mist
371,Peniche,PT,39.3558,-9.3811,58.62,84,6,8.61,clear sky
372,Trebisacce,IT,39.8708,16.5312,55.81,75,100,3.87,overcast clouds
373,Gaziantep,TR,37.0594,37.3825,40.93,93,20,0.0,mist
374,Bac Lieu,VN,9.285,105.7244,82.99,81,71,16.44,broken clouds
375,Sooke,CA,48.3746,-123.7276,44.53,92,94,11.5,overcast clouds
376,San Cristobal,VE,7.7669,-72.225,69.98,94,95,1.5,overcast clouds
377,Brae,GB,60.3964,-1.353,46.31,92,100,25.48,overcast clouds
378,Haines Junction,CA,60.7522,-137.5108,-2.25,71,100,4.61,light snow
379,Limbe,CM,4.0242,9.2149,78.66,81,96,0.72,overcast clouds
380,Tabuk,PH,17.4189,121.4443,82.54,76,40,1.77,scattered clouds
381,Inhambane,MZ,-23.865,35.3833,73.53,74,100,7.36,overcast clouds
382,Sungaipenuh,ID,-2.0833,101.3833,75.27,64,86,2.68,overcast clouds
383,Collie,AU,-33.3667,116.15,59.99,67,100,9.31,overcast clouds
384,Flinders,AU,-34.5833,150.8552,70.81,59,97,10.85,overcast clouds
385,Arlit,NE,18.7369,7.3853,72.36,23,1,2.24,clear sky
386,Saint George,US,37.1041,-113.5841,56.25,31,1,5.01,clear sky
387,Kango,GA,0.1943,10.0951,73.85,98,78,1.05,broken clouds
388,Serro,BR,-18.6047,-43.3794,65.05,99,100,2.73,overcast clouds
389,Tigil,RU,57.8,158.6667,22.69,82,78,7.58,broken clouds
390,Sokoni,TZ,-6.4333,39.55,79.97,69,54,6.73,broken clouds
391,Aripuana,BR,-9.1667,-60.6333,73.92,98,42,1.7,moderate rain
392,Dhidhdhoo,MV,6.8833,73.1,81.18,70,100,12.24,overcast clouds
393,Wau,SS,7.7029,27.9953,73.72,36,84,4.59,broken clouds
394,Ewa Beach,US,21.3156,-158.0072,85.95,47,1,9.22,clear sky
395,Honolulu,US,21.3069,-157.8583,85.82,54,20,1.99,few clouds
396,Lorengau,PG,-2.0226,147.2712,83.59,75,48,5.48,scattered clouds
397,Concepcion Del Oro,MX,24.6333,-101.4167,59.95,37,87,3.65,overcast clouds
398,Port Lincoln,AU,-34.7333,135.8667,65.1,64,97,11.61,overcast clouds
399,Rio Grande,BR,-32.035,-52.0986,69.51,71,0,9.13,clear sky
400,Port Hedland,AU,-20.3167,118.5667,86.05,45,100,13.8,overcast clouds
401,Richards Bay,ZA,-28.783,32.0377,69.06,88,100,12.33,overcast clouds
402,Ponta Do Sol,PT,32.6667,-17.1,70.0,81,16,4.85,few clouds
403,Constantine,DZ,36.365,6.6147,49.41,81,40,5.75,scattered clouds
404,Masty,BY,53.4122,24.5387,36.23,92,100,5.19,overcast clouds
405,Muros,ES,42.7762,-9.0603,52.23,84,35,16.33,scattered clouds
406,Wasilla,US,61.5814,-149.4394,5.76,76,1,0.0,clear sky
407,Amudat,UG,1.95,34.95,68.67,59,49,5.55,scattered clouds
408,Bani,DO,18.2833,-70.3333,75.04,77,79,8.21,broken clouds
409,Dawei,MM,14.0833,98.2,83.77,71,44,3.13,light rain
410,Salalah,OM,17.0151,54.0924,71.69,60,0,5.75,clear sky
411,Gravdal,NO,68.1214,13.5031,33.73,78,100,2.17,light rain
412,Vyartsilya,RU,62.1764,30.693,23.67,70,15,10.8,few clouds
413,Morococha,PE,-11.5997,-76.1411,39.45,86,74,2.89,broken clouds
414,Vardo,NO,70.3705,31.1107,27.88,57,100,18.7,snow
415,San Policarpo,PH,12.1791,125.5072,85.01,72,100,7.78,overcast clouds
416,Westport,US,41.1415,-73.3579,53.98,93,90,1.01,overcast clouds
417,Fukue,JP,32.6881,128.8419,55.76,76,75,19.57,heavy intensity rain
418,Uruacu,BR,-14.5247,-49.1408,73.2,86,100,0.65,overcast clouds
419,Sandakan,MY,5.8402,118.1179,85.68,79,20,4.61,few clouds
420,Tagab,AF,34.855,69.6492,46.98,19,0,7.94,clear sky
421,Coos Bay,US,43.3665,-124.2179,48.99,91,1,8.05,clear sky
422,Vanimo,PG,-2.6741,141.3028,87.17,62,46,3.96,scattered clouds
423,Magdagachi,RU,53.45,125.8,11.84,37,100,7.31,overcast clouds
424,Saurimo,AO,-9.6608,20.3916,63.95,96,96,2.64,light rain
425,Ibra,OM,22.6906,58.5334,65.66,20,16,6.26,few clouds
426,Ulaanbaatar,MN,47.9077,106.8832,-7.47,77,9,0.0,clear sky
427,Dicabisagan,PH,17.0818,122.4157,84.18,73,23,1.86,few clouds
428,Cerritos,US,33.8583,-118.0648,79.05,15,1,4.0,clear sky
429,Tazovskiy,RU,67.4667,78.7,4.5,95,100,21.45,light snow
430,Ust-Kulom,RU,61.6864,53.6902,20.57,97,100,2.26,light snow
431,Maridi,SS,4.9158,29.4742,69.04,49,90,2.55,overcast clouds
432,Nyuzen,JP,36.9333,137.5,61.47,67,100,5.59,light rain
433,Srednekolymsk,RU,67.45,153.6833,-23.12,100,100,0.2,overcast clouds
434,Great Yarmouth,GB,52.6083,1.7305,46.65,60,47,22.5,scattered clouds
435,Salym,RU,60.0625,71.4789,20.57,94,100,9.75,snow
436,Ndele,CF,8.4109,20.6473,72.93,29,100,3.29,overcast clouds
437,Plettenberg Bay,ZA,-34.0527,23.3716,65.35,94,80,2.84,light rain
438,Kargasok,RU,59.0556,80.8572,14.76,93,99,11.16,overcast clouds
439,Saint-Joseph,RE,-21.3667,55.6167,75.56,73,10,1.16,clear sky
440,Bereda,ES,43.2686,-7.5406,48.0,100,98,6.08,overcast clouds
441,Kununurra,AU,-15.7667,128.7333,96.78,38,75,8.05,broken clouds
442,Svetlogorsk,BY,52.6333,29.7333,38.68,75,100,9.62,overcast clouds
443,Axim,GH,4.8699,-2.2405,79.02,88,38,6.08,scattered clouds
444,Palmer,US,42.1584,-72.3287,49.86,79,90,6.91,overcast clouds
445,Pierre,US,44.3683,-100.351,28.85,53,20,1.01,few clouds
446,Luderitz,NA,-26.6481,15.1594,58.62,83,25,9.08,scattered clouds
447,Wadi Maliz,TN,36.4681,8.5495,53.26,74,1,5.17,clear sky
448,Tuatapere,NZ,-46.1333,167.6833,51.67,92,100,4.32,overcast clouds
449,Santa Luzia,BR,-19.7697,-43.8514,68.9,88,75,5.75,broken clouds
450,Varzea Alegre,BR,-5.35,-40.3833,82.0,39,88,3.36,overcast clouds
451,Lompoc,US,34.6391,-120.4579,67.57,50,1,3.44,clear sky
452,Gejiu,CN,23.306,103.1635,48.67,88,100,3.83,overcast clouds
453,Novoilinsk,RU,51.6829,108.7143,7.12,74,100,1.48,overcast clouds
454,Yurla,RU,59.3259,54.3223,19.87,92,90,9.04,overcast clouds
455,Jalapa,MX,19.5333,-96.9167,60.57,94,94,1.03,overcast clouds
456,Manuk Mangkaw,PH,4.8,119.85,83.68,68,22,1.81,few clouds
457,Maceio,BR,-9.6658,-35.7353,78.24,83,20,3.44,few clouds
458,Kalemie,CD,-5.9475,29.1947,70.63,79,100,3.91,overcast clouds
459,Batagay-Alyta,RU,67.8006,130.4114,-10.55,99,99,1.23,overcast clouds
460,Stabat,ID,3.761,98.4513,79.0,80,97,2.1,overcast clouds
461,Khandyga,RU,62.6667,135.6,-25.19,96,40,1.32,scattered clouds
462,Ipora,BR,-16.4419,-51.1178,70.3,94,100,2.62,moderate rain
463,Yaan,NG,7.3833,8.5667,77.7,73,100,4.88,overcast clouds
464,Prainha,BR,-1.8,-53.48,73.78,96,100,3.13,overcast clouds
465,Mount Isa,AU,-20.7333,139.5,92.97,26,0,8.05,clear sky
466,Oksfjord,NO,70.2396,22.3479,23.92,83,35,11.43,scattered clouds
467,Vostok,RU,46.4856,135.8833,31.44,72,97,27.29,snow
468,Hailey,US,43.5196,-114.3153,30.06,80,1,5.75,clear sky
469,Sabang,ID,5.8933,95.3214,81.01,75,97,5.46,overcast clouds
470,Digri,PK,25.1558,69.1113,68.38,26,18,8.9,few clouds
471,Aswan,EG,24.0934,32.907,58.3,54,0,6.91,clear sky
472,Thunder Bay,CA,48.4001,-89.3168,22.55,71,90,14.97,light snow
473,Vestmannaeyjar,IS,63.4427,-20.2734,44.83,84,100,19.82,overcast clouds
474,Chimore,BO,-16.9833,-65.1333,80.91,58,100,3.11,overcast clouds
475,Caconda,AO,-13.7333,15.0667,61.5,92,100,2.51,overcast clouds
476,Balaipungut,ID,1.05,101.2833,79.09,82,77,2.98,broken clouds
477,Salta,AR,-24.7859,-65.4117,75.49,57,0,3.0,clear sky
478,Ponca City,US,36.707,-97.0856,50.11,59,1,0.0,clear sky
479,Comitancillo,GT,15.0833,-91.7167,57.51,97,65,3.98,broken clouds
480,Banda Aceh,ID,5.5577,95.3222,81.91,72,76,3.33,broken clouds
481,Berlevag,NO,70.8578,29.0864,24.13,91,100,2.46,snow
482,Coahuayana,MX,18.7333,-103.6833,83.68,85,0,3.27,clear sky
483,Pangai,TO,-19.8,-174.35,84.31,70,20,8.05,few clouds
484,Port Hardy,CA,50.6996,-127.4199,46.4,87,90,21.85,overcast clouds
485,Bogande,BF,12.9714,-0.1436,76.37,19,20,6.2,few clouds
486,Sinnamary,GF,5.3833,-52.95,78.57,86,7,8.08,clear sky
487,Waipawa,NZ,-41.4122,175.5153,63.3,63,63,9.19,broken clouds
488,Cusuna,HN,15.85,-85.2333,74.91,89,12,2.91,few clouds
489,Carballo,ES,43.213,-8.691,51.55,89,99,11.3,overcast clouds
490,Catuday,PH,16.2923,119.8062,82.62,72,4,5.64,clear sky
491,Karakol,KG,42.4907,78.3936,24.03,50,100,5.32,overcast clouds
492,Kuusamo,FI,65.9667,29.1833,8.64,92,0,5.75,clear sky
493,Kalambaka,GR,39.7044,21.6269,53.01,84,1,2.46,clear sky
494,George,ZA,-33.963,22.4617,63.95,94,90,8.05,moderate rain
495,Simpang,ID,-1.2667,104.0833,81.48,80,97,2.82,overcast clouds
496,Ardakan,IR,32.31,54.0175,52.18,46,85,0.92,overcast clouds
497,Kavaratti,IN,10.5669,72.642,80.56,74,5,4.79,clear sky
498,Garissa,KE,-0.4536,39.6401,76.39,80,18,9.91,few clouds
499,Togur,RU,58.3631,82.8265,15.44,93,91,9.71,overcast clouds
500,Evanston,US,42.0411,-87.6901,38.14,37,1,5.99,clear sky
501,Atambua,ID,-9.1061,124.8925,85.37,62,84,1.61,broken clouds
502,Cienfuegos,CU,22.1461,-80.4356,76.01,94,67,5.75,broken clouds
503,Saint-Augustin,CA,51.226,-58.6502,32.5,85,55,4.56,broken clouds
504,Nanuque,BR,-17.8392,-40.3539,66.04,92,100,9.08,overcast clouds
505,Lazaro Cardenas,MX,17.9583,-102.2,77.77,80,0,2.82,clear sky
506,Vylkove,UA,45.4021,29.586,47.95,91,1,9.13,clear sky
507,Kidal,ML,18.4411,1.4078,70.77,28,3,10.87,clear sky
508,Jequitinhonha,BR,-16.4339,-41.0033,69.64,97,100,3.04,overcast clouds
509,Zabid,YE,14.1951,43.3152,77.83,64,87,3.09,overcast clouds
510,Yoichi,JP,43.2039,140.7703,49.6,78,100,15.21,light rain
511,Cabo San Lucas,MX,22.8909,-109.9124,76.3,71,1,1.99,clear sky
512,Pandamatenga,BW,-18.5278,25.627,68.31,83,100,8.1,overcast clouds
513,Sakaraha,MG,-22.9,44.5333,64.78,90,25,2.68,scattered clouds
514,Road Town,VG,18.4167,-64.6167,78.89,75,30,12.64,scattered clouds
515,Bilma,NE,18.6853,12.9164,74.32,23,3,7.47,clear sky
516,Krutinka,RU,56.0055,71.5113,23.49,95,100,15.1,light snow
517,Akyab,MM,20.15,92.9,75.31,63,9,6.11,clear sky
518,Walvis Bay,NA,-22.9575,14.5053,60.1,94,0,5.75,clear sky
519,Saint-Paul,RE,-21.0096,55.2707,77.09,76,25,1.39,light rain
520,Pennadam,IN,11.4,79.2333,77.43,87,95,4.65,overcast clouds
521,Maniitsoq,GL,65.4167,-52.9,25.39,76,94,9.78,overcast clouds
522,Tura,IN,25.5198,90.2201,67.57,71,5,1.79,clear sky
523,Navalcarnero,ES,40.2891,-4.012,48.22,100,46,6.31,scattered clouds
524,Navalmoral De La Mata,ES,39.8916,-5.5406,52.95,87,58,2.8,broken clouds
525,Vitim,RU,59.4511,112.5578,-11.56,97,51,1.21,broken clouds
526,Palaikastron,GR,35.2,26.25,55.74,70,0,4.65,clear sky
527,Koslan,RU,63.4564,48.8989,20.12,97,100,2.04,light snow
528,Lasa,IT,46.6166,10.7002,43.68,84,97,2.3,overcast clouds
529,Agadez,NE,19.75,10.25,72.64,24,54,9.53,broken clouds
530,Ayabaca,PE,-4.6398,-79.7149,48.31,79,100,0.81,overcast clouds
531,Zhigansk,RU,66.7697,123.3711,-31.31,99,100,3.94,overcast clouds
532,Sompeta,IN,18.9333,84.6,79.11,82,32,2.15,scattered clouds
533,Andenes,NO,69.3143,16.1194,28.38,93,90,8.05,light snow
534,Gisborne,NZ,-38.6533,178.0042,63.95,82,100,15.19,overcast clouds
535,Seoul,KR,37.5683,126.9778,42.4,53,75,20.71,broken clouds
536,Tarko-Sale,RU,64.9225,77.785,17.06,89,100,19.15,overcast clouds
537,Fort-Shevchenko,KZ,44.5086,50.263,49.66,86,3,14.5,clear sky
538,Huarmey,PE,-10.0681,-78.1522,65.98,82,99,7.16,overcast clouds
539,Kieta,PG,-6.2167,155.6333,86.05,66,43,4.16,scattered clouds
540,Asau,RO,46.4333,26.4,41.76,66,94,4.68,overcast clouds
541,Pangkalanbuun,ID,-2.6833,111.6167,88.25,60,100,3.15,overcast clouds
542,Rozkishne,UA,48.5074,39.3004,44.55,77,93,17.43,overcast clouds
543,Yulara,AU,-25.2406,130.9889,85.84,21,100,12.66,overcast clouds
544,Waingapu,ID,-9.6567,120.2641,86.4,64,100,6.89,overcast clouds
545,Noyabrsk,RU,63.1994,75.4507,16.38,92,100,17.74,overcast clouds
546,Raychikhinsk,RU,49.7838,129.4121,18.0,95,100,13.56,light snow
547,Enugu,NG,6.4402,7.4943,74.98,90,100,4.41,overcast clouds
548,Mitchell,US,43.7094,-98.0298,22.98,50,1,3.44,clear sky
549,Bellavista,PE,-7.0561,-76.5911,72.68,99,98,0.56,overcast clouds
550,Kribi,CM,2.95,9.9167,78.03,87,81,4.14,broken clouds
551,Lumut,MY,4.2323,100.6298,82.76,78,20,3.44,few clouds
552,Lagos,NG,6.5833,3.75,80.92,93,7,1.59,clear sky
553,Sibolga,ID,1.7427,98.7792,77.22,88,100,2.24,overcast clouds
554,Kuloy,RU,61.0305,42.4925,25.03,88,100,8.72,overcast clouds
555,Turbat,PK,26.0023,63.044,66.63,19,1,9.24,clear sky
556,Bloemfontein,ZA,-29.1211,26.214,54.88,100,0,8.05,clear sky
557,Banjar,ID,-8.19,114.9675,85.91,71,91,3.56,overcast clouds
558,Awka,NG,6.2101,7.0741,79.21,92,100,3.22,overcast clouds
559,Papar,MY,5.7333,115.9333,87.8,67,16,2.57,few clouds
560,Yerkoy,TR,39.6381,34.4672,40.28,71,6,2.75,clear sky
561,Vrangel,RU,42.7297,133.0839,38.64,87,100,18.61,overcast clouds
562,Valparaiso,CL,-33.0393,-71.6273,55.04,94,90,5.75,overcast clouds
563,Iquique,CL,-20.2208,-70.1431,62.64,73,100,3.47,overcast clouds
564,Palu,ID,-0.8917,119.8707,87.62,67,100,1.23,overcast clouds
565,Betlitsa,RU,54.0095,33.9588,34.74,88,97,10.27,overcast clouds
566,Tumalim,PH,14.0801,120.7231,86.0,61,2,4.16,clear sky
567,Dalmatovo,RU,56.26,62.9362,25.7,83,100,16.17,overcast clouds
568,Toro,CO,4.6117,-76.0814,70.48,96,71,2.55,broken clouds
569,Petropavlovsk-Kamchatskiy,RU,53.0452,158.6483,36.19,60,75,17.9,broken clouds
570,Russell,US,32.3502,-85.1999,61.83,83,1,4.61,clear sky
571,Devli,IN,25.75,75.3833,70.02,78,3,3.89,clear sky
572,Constitucion,CL,-35.3333,-72.4167,57.0,77,4,11.7,clear sky
573,San Rafael,AR,-34.6177,-68.3301,79.7,32,6,9.62,clear sky
574,Antipolo,PH,14.5864,121.1753,84.76,74,40,3.44,scattered clouds
575,Sawakin,SD,19.1059,37.3321,77.63,63,98,12.75,overcast clouds
576,Novoagansk,RU,61.9449,76.6625,17.11,90,100,13.13,overcast clouds
577,Babati,TZ,-4.2167,35.75,60.44,71,100,2.19,overcast clouds
578,Tuy Hoa,VN,13.0833,109.3,78.49,89,97,7.96,overcast clouds
579,Fengzhen,CN,40.4394,113.1536,12.49,45,0,9.55,clear sky
580,Storsteinnes,NO,69.2408,19.2344,26.6,94,100,4.23,light snow
581,Gursahaiganj,IN,27.1167,79.7167,63.52,40,0,6.64,clear sky
582,Nelson Bay,AU,-32.7167,152.15,71.96,84,100,3.0,light rain
583,Tarusa,RU,54.7233,37.1767,34.36,91,100,10.29,overcast clouds
584,Tual,ID,-5.6667,132.75,83.68,72,97,6.76,overcast clouds
585,La Palma,US,33.8464,-118.0467,79.07,15,1,3.0,clear sky
586,Hanna,CA,51.6334,-111.9018,32.02,81,78,1.99,broken clouds
587,Arvi,IN,20.9833,78.2333,75.49,80,17,3.02,few clouds
588,Karaton,ID,-6.3424,106.1045,84.36,68,77,5.61,broken clouds
589,Rosarito,MX,32.3333,-117.0333,76.17,29,73,9.08,broken clouds
590,Baran,IN,25.1,76.5167,69.39,76,4,3.24,clear sky
591,Puqi,CN,29.7167,113.8833,48.9,35,100,11.99,overcast clouds
592,Ruston,US,32.5232,-92.6379,66.02,88,90,0.0,overcast clouds
593,Opuwo,NA,-18.0607,13.84,65.64,29,13,4.21,few clouds
594,Abnub,EG,27.2696,31.1511,52.02,57,0,3.56,clear sky
595,Hakui,JP,36.8833,136.7833,61.68,92,100,5.44,moderate rain
596,Sanming,CN,26.2486,117.6186,56.28,89,100,3.85,overcast clouds
597,Montepuez,MZ,-13.1256,38.9997,68.86,93,57,3.38,broken clouds
598,Nishihara,JP,26.1842,127.7558,79.88,79,75,9.22,broken clouds
599,Raudeberg,NO,61.9875,5.1352,38.86,83,100,4.0,light rain
600,Evensk,RU,61.95,159.2333,9.57,68,1,13.85,clear sky
601,Zaysan,KZ,47.4667,84.8667,20.82,69,100,3.11,overcast clouds
602,Karasuk,RU,53.7377,78.0403,25.56,77,100,18.07,overcast clouds
603,Goderich,CA,43.7501,-81.7165,44.92,81,87,23.02,overcast clouds
604,Price,US,39.5994,-110.8107,40.12,51,1,9.22,clear sky
605,Kristianstad,SE,56.0313,14.1524,32.14,97,90,1.01,overcast clouds
606,Slave Lake,CA,55.2834,-114.769,38.25,83,100,12.88,overcast clouds
607,Zhangjiakou,CN,40.81,114.8794,17.35,39,2,17.52,clear sky
608,Nirgua,VE,10.1553,-68.5663,65.86,98,84,0.87,broken clouds
609,Talcahuano,CL,-36.7167,-73.1167,58.68,77,0,11.5,clear sky
610,Whitehorse,CA,60.7161,-135.0538,0.37,84,90,2.3,light snow
611,Makakilo City,US,21.3469,-158.0858,84.52,47,1,9.22,clear sky
612,Ferrol,ES,43.4832,-8.2369,52.36,83,95,17.63,overcast clouds
613,Sekoma,BW,-24.4,23.8833,66.07,82,62,17.67,broken clouds
614,Lithakia,GR,37.7167,20.8333,57.58,72,33,4.54,scattered clouds
615,Nuevitas,CU,21.5453,-77.2644,76.44,89,1,5.1,clear sky
616,Mariental,NA,-24.6333,17.9667,59.88,37,0,3.27,clear sky
617,Jalu,LY,29.0331,21.5482,60.87,58,4,6.53,clear sky
618,Campos,BR,-21.75,-41.3,64.72,79,100,4.68,overcast clouds
619,Pringsewu,ID,-5.3582,104.9744,85.24,65,92,2.33,light rain
620,Stephenville,US,32.2207,-98.2023,56.25,49,1,5.75,clear sky
621,Atar,MR,20.5169,-13.0499,79.97,40,100,8.01,overcast clouds
622,Deputatskiy,RU,69.3,139.9,-15.07,100,100,1.7,overcast clouds
623,Imbituba,BR,-28.24,-48.6703,69.69,88,7,10.92,clear sky
624,Poddorye,RU,57.4695,31.1156,27.66,79,39,9.24,scattered clouds
625,Bud,US,39.447,-86.1758,45.82,97,1,8.21,clear sky
626,Lucea,JM,18.451,-78.1736,80.46,79,76,6.69,broken clouds
627,Hope Mills,US,34.9704,-78.9453,58.37,78,1,3.44,clear sky
628,Contamana,PE,-7.3333,-75.0167,73.06,94,100,2.86,overcast clouds
629,Riviere-Au-Renard,CA,48.9957,-64.3971,35.6,76,13,2.98,few clouds
630,Almaznyy,RU,48.0448,40.045,41.14,86,88,16.82,overcast clouds
631,Upington,ZA,-28.4478,21.2561,62.98,51,0,6.91,clear sky
632,Harper,LR,4.375,-7.7169,78.48,85,60,6.6,light rain
633,Effium,NG,6.6292,8.0593,79.21,86,100,5.61,overcast clouds
634,Alpena,US,45.0617,-83.4327,32.18,94,90,11.01,light snow
635,Darnetal,FR,49.4453,1.1514,42.37,86,0,4.0,clear sky
636,Yueyang,CN,29.3333,113.0919,49.39,30,100,15.95,overcast clouds
637,Roald,NO,62.5833,6.1333,39.34,81,40,14.97,light rain
638,Chapais,CA,49.7834,-74.8492,31.78,95,100,15.32,snow
639,Kamaishi,JP,39.2667,141.8833,47.35,95,100,22.53,light rain
640,Ambilobe,MG,-13.2,49.05,71.82,86,6,3.47,clear sky
641,Alofi,NU,-19.0595,-169.9187,84.09,61,13,11.5,few clouds
642,Santiago Del Estero,AR,-27.7951,-64.2615,78.98,38,100,11.43,overcast clouds
643,Faya,SA,18.3851,42.4509,53.71,54,14,1.21,few clouds
644,Vanavara,RU,60.34,102.2797,3.18,96,98,5.35,overcast clouds
645,Hearst,CA,49.6835,-83.6665,17.85,92,100,15.99,light snow
646,Waspan,NI,14.7419,-83.9717,72.93,96,100,3.15,overcast clouds
647,Kurumkan,RU,54.3,110.3,-0.04,88,76,1.99,broken clouds
648,Shimanovsk,RU,52.0,127.7,12.6,60,100,11.86,overcast clouds
649,Aasiaat,GL,68.7098,-52.8699,17.98,80,100,8.95,overcast clouds
650,Macau,MO,22.2006,113.5461,68.07,82,40,24.16,scattered clouds
651,Mancio Lima,BR,-7.6142,-72.8958,72.81,99,100,2.53,overcast clouds
652,Rudnogorsk,RU,57.2639,103.7519,10.33,94,100,4.0,overcast clouds
653,Honningsvag,NO,70.9821,25.9704,28.45,66,100,17.65,light snow
654,Erzin,TR,36.9559,36.2,48.72,64,9,4.59,clear sky
655,Arman,RU,59.7,150.1667,12.11,76,100,9.33,overcast clouds
656,Desaguadero,PE,-16.5656,-69.0417,52.07,60,97,4.32,overcast clouds
657,Bedele,ET,8.456,36.353,51.82,80,99,1.79,overcast clouds
658,Atasu,KZ,48.6814,71.6433,32.63,97,100,25.64,light snow
659,Francavilla Al Mare,IT,42.4206,14.287,50.86,92,90,1.99,mist
660,Ketchikan,US,55.3422,-131.6461,45.07,93,90,4.61,light rain
661,Kupang,ID,-10.1667,123.5833,87.53,64,59,4.23,broken clouds
662,Hami,CN,42.8,93.45,26.19,48,1,1.79,clear sky
663,Loukhi,RU,66.0764,33.0381,20.98,69,4,11.72,clear sky
664,Doka,SD,13.5167,35.7667,71.31,21,6,11.5,clear sky
665,Lilongwe,MW,-13.9669,33.7873,72.52,53,99,4.9,overcast clouds
666,Saravan,AM,39.7196,45.6483,25.45,80,7,5.14,clear sky
667,Port-Gentil,GA,-0.7193,8.7815,79.66,86,100,7.2,light rain
668,Kiama,AU,-34.6833,150.8667,71.01,59,95,10.6,overcast clouds
669,Tamara,HN,14.15,-87.3333,65.95,82,20,11.5,few clouds
670,Moree,AU,-29.4667,149.85,75.22,57,75,12.66,broken clouds
671,Fonte Boa,BR,-2.4959,-66.2662,73.33,98,100,2.21,overcast clouds
672,Jiuquan,CN,39.7432,98.5174,29.32,35,0,1.34,clear sky
673,Amahai,ID,-3.3333,128.9167,82.4,79,98,3.89,overcast clouds
674,Borba,BR,-4.3878,-59.5939,74.43,97,93,1.72,light rain
675,Nenjiang,CN,49.1833,125.2167,12.9,89,100,16.11,overcast clouds
676,Teguise,ES,29.0605,-13.564,59.22,77,0,2.3,clear sky
677,Emerald,AU,-23.5333,148.1667,89.74,33,40,13.8,scattered clouds
678,Beringovskiy,RU,63.05,179.3167,1.27,98,98,13.6,overcast clouds
679,Pangnirtung,CA,66.1451,-65.7125,10.4,79,75,0.0,broken clouds
680,Iroquois Falls,CA,48.7669,-80.6831,32.14,99,100,6.89,snow
681,Juba,SS,4.8517,31.5825,74.39,57,35,2.39,light rain
682,Banepa,NP,27.6298,85.5214,55.72,82,75,2.3,broken clouds
683,Biak,ID,-0.9131,122.8766,84.33,67,46,0.27,scattered clouds
684,Mundra,IN,22.85,69.7333,77.32,50,100,9.98,overcast clouds
685,Farmington,US,36.7281,-108.2187,45.28,40,1,4.61,clear sky
